{
  "السلام عليكم": "وعليكم السلام ورحمة الله وبركاته يا مرحبا مليون 🌸",
  "سلام عليكم": "وعليكم السلام ورحمة الله وبركاته، حيّاك الله 🌟",
  "صباح الخير": "صباح النور والسرور 😄",
  "مساء الخير": "مساء الورد والياسمين 🌹",
  "هلا": "هلا وغلا، من عيوني! كيف أقدر أخدمك؟",
  "الو": "اللهم صلّي على النبي! معك البوت… سمعني صوتك 😄",
  "الوو": "يا هلا وسهلا! معك البوت حاضر ✋",
  "من معي": "أنا بوت واتساب تابع للمطوّر *بسام حميد*. لو حاب تتواصل معه مباشرة: 967713121581 📞",
  "مين معي": "أنا بوت واتساب تابع للمطوّر *بسام حميد*. للتواصل: 967713121581 📞",
  "اينك": "موجود يا الغالي، بس مشغول حاليًا. ايش تحب أوصّل لبسّام؟ ✍️",
  "وينك": "موجود يا طيب، بس مشغول شوي. اكتب رسالتك وأنا أوصلها لبسّام إن شاء الله.",
  "فينك": "موجود لكن غير متاح حاليًا. خلّي رسالتك وأنا أبلّغها للمطوّر بسّام.",
  "كيف الحال": "بخير دامك بخير. انت كيفك؟ ✨",
  "كيفك": "تمام والحمد لله. بشرني عنك؟",
  "تمام": "دامك تمام، خير وبركة 🙏",
  "الحمد لله": "الحمد لله دائمًا وأبدًا 🌿",
  "شكرا": "العفو يا ذوق، ولا يهمك 🙏",
  "مشكور": "ممنون لك، تحت أمرك دائمًا 🌟",
  "جزاك الله خير": "وإيّاك يا طيب، الله يكتب أجرك 🌸",
  "باي": "في أمان الله، لا تنسانا من الدعاء 🤲",
  "مع السلامة": "الله يحفظك ويوفقك، مع السلامة 🌷",
  "سلام": "حياك الله بأي وقت، في حفظ الرحمن 🌺",
  "مساعدة": "لو تقصد الأوامر اكتب كلمة *مساعدة* كأمر. ولو عندك استفسار معيّن اكتبه وأنا أوصّله للمطوّر ✍️",
  "طيب": "تمام يا بطل. تبغى أسوي لك شيء محدد؟",
  "تمام تمام": "أبشر يا غالي. أمر تدلّل.",
  "خلاص": "تمام، على أمرك.",
  "لا": "على راحتك. لو تغيّر رأيك أنا حاضر.",
  "ايوه": "أبشر. حدّد لي المطلوب بالضبط وأنا أنفّذ."
}